{
  "name": "root",
  "gauges": [
    {
      "name": "TankShoot.mean_reward",
      "value": 13.8409731032191,
      "min": -0.17919324703301148,
      "max": 13.8409731032191,
      "count": 19
    }
  ],
  "total": 2865.8998399,
  "count": 1,
  "self": 46.730880199978856,
  "children": [
    {
      "name": "TrainerController.advance",
      "total": 2819.1689597000213,
      "count": 99152,
      "self": 147.87723190002362,
      "children": [
        {
          "name": "env_step",
          "total": 2291.4581323999996,
          "count": 99152,
          "self": 2209.1276680000383,
          "children": [
            {
              "name": "SubprocessEnvManager._take_step",
              "total": 80.6850082999567,
              "count": 99152,
              "self": 2.9146880999816176,
              "children": [
                {
                  "name": "PPOPolicy.evaluate",
                  "total": 77.77032019997509,
                  "count": 99152,
                  "self": 77.77032019997509
                }
              ]
            },
            {
              "name": "workers",
              "total": 1.6454561000046706,
              "count": 99151,
              "self": 0.0,
              "children": [
                {
                  "name": "worker_root",
                  "total": 2861.2281947000156,
                  "count": 99151,
                  "is_parallel": true,
                  "self": 744.9798074999994,
                  "children": [
                    {
                      "name": "batched_step_result_from_proto",
                      "total": 0.011378800000208855,
                      "count": 8,
                      "is_parallel": true,
                      "self": 0.00220790000039095,
                      "children": [
                        {
                          "name": "_process_vector_observation",
                          "total": 0.009170899999817905,
                          "count": 16,
                          "is_parallel": true,
                          "self": 0.009170899999817905
                        }
                      ]
                    },
                    {
                      "name": "UnityEnvironment.step",
                      "total": 2116.237008400016,
                      "count": 99151,
                      "is_parallel": true,
                      "self": 27.654852899971957,
                      "children": [
                        {
                          "name": "UnityEnvironment._generate_step_input",
                          "total": 18.16734160004479,
                          "count": 99151,
                          "is_parallel": true,
                          "self": 18.16734160004479
                        },
                        {
                          "name": "communicator.exchange",
                          "total": 1953.1894161000714,
                          "count": 99151,
                          "is_parallel": true,
                          "self": 1953.1894161000714
                        },
                        {
                          "name": "batched_step_result_from_proto",
                          "total": 117.22539779992779,
                          "count": 99151,
                          "is_parallel": true,
                          "self": 22.053409099954493,
                          "children": [
                            {
                              "name": "_process_vector_observation",
                              "total": 95.1719886999733,
                              "count": 198302,
                              "is_parallel": true,
                              "self": 95.1719886999733
                            }
                          ]
                        }
                      ]
                    }
                  ]
                }
              ]
            }
          ]
        },
        {
          "name": "update_policy",
          "total": 379.8335953999982,
          "count": 396,
          "self": 132.60807850001268,
          "children": [
            {
              "name": "PPOPolicy.update",
              "total": 247.22551689998554,
              "count": 27621,
              "self": 247.22551689998554
            }
          ]
        }
      ]
    }
  ]
}