{
  "name": "root",
  "gauges": [
    {
      "name": "TankShoot.mean_reward",
      "value": -0.999999996976112,
      "min": -1.0002499883945954,
      "max": -0.9999999639258021,
      "count": 59
    }
  ],
  "total": 17756.8739325,
  "count": 1,
  "self": 178.31305159992917,
  "children": [
    {
      "name": "TrainerController.advance",
      "total": 17578.56088090007,
      "count": 299684,
      "self": 955.2515093004149,
      "children": [
        {
          "name": "env_step",
          "total": 13749.618365799644,
          "count": 299684,
          "self": 13403.379260300171,
          "children": [
            {
              "name": "SubprocessEnvManager._take_step",
              "total": 340.00202129943506,
              "count": 299684,
              "self": 11.659365999587976,
              "children": [
                {
                  "name": "PPOPolicy.evaluate",
                  "total": 328.3426552998471,
                  "count": 299684,
                  "self": 328.3426552998471
                }
              ]
            },
            {
              "name": "workers",
              "total": 6.237084200038286,
              "count": 299684,
              "self": 0.0,
              "children": [
                {
                  "name": "worker_root",
                  "total": 17739.745058500073,
                  "count": 299684,
                  "is_parallel": true,
                  "self": 4723.341963600009,
                  "children": [
                    {
                      "name": "batched_step_result_from_proto",
                      "total": 0.004432899999999407,
                      "count": 1,
                      "is_parallel": true,
                      "self": 0.0005880999999980929,
                      "children": [
                        {
                          "name": "_process_vector_observation",
                          "total": 0.003844800000001314,
                          "count": 2,
                          "is_parallel": true,
                          "self": 0.003844800000001314
                        }
                      ]
                    },
                    {
                      "name": "UnityEnvironment.step",
                      "total": 13016.398662000065,
                      "count": 299684,
                      "is_parallel": true,
                      "self": 159.9610085998138,
                      "children": [
                        {
                          "name": "UnityEnvironment._generate_step_input",
                          "total": 106.35644919970613,
                          "count": 299684,
                          "is_parallel": true,
                          "self": 106.35644919970613
                        },
                        {
                          "name": "communicator.exchange",
                          "total": 12058.156106200424,
                          "count": 299684,
                          "is_parallel": true,
                          "self": 12058.156106200424
                        },
                        {
                          "name": "batched_step_result_from_proto",
                          "total": 691.9250980001214,
                          "count": 299684,
                          "is_parallel": true,
                          "self": 98.37342479990116,
                          "children": [
                            {
                              "name": "_process_vector_observation",
                              "total": 593.5516732002202,
                              "count": 599368,
                              "is_parallel": true,
                              "self": 593.5516732002202
                            }
                          ]
                        }
                      ]
                    }
                  ]
                }
              ]
            }
          ]
        },
        {
          "name": "update_policy",
          "total": 2873.691005800011,
          "count": 2395,
          "self": 899.2846608995371,
          "children": [
            {
              "name": "PPOPolicy.update",
              "total": 1974.406344900474,
              "count": 167931,
              "self": 1974.406344900474
            }
          ]
        }
      ]
    }
  ]
}