{
  "name": "root",
  "gauges": [
    {
      "name": "TankShoot.mean_reward",
      "value": 22.75216935596618,
      "min": -0.5798166100409313,
      "max": 25.221298910012653,
      "count": 75
    }
  ],
  "total": 11090.310006299998,
  "count": 1,
  "self": 164.19890579998173,
  "children": [
    {
      "name": "TrainerController.advance",
      "total": 10926.111100500017,
      "count": 376404,
      "self": 578.5476506002506,
      "children": [
        {
          "name": "env_step",
          "total": 8861.876760899762,
          "count": 376404,
          "self": 8541.943467099933,
          "children": [
            {
              "name": "SubprocessEnvManager._take_step",
              "total": 313.3087435003122,
              "count": 376404,
              "self": 11.01664780050504,
              "children": [
                {
                  "name": "PPOPolicy.evaluate",
                  "total": 302.29209569980713,
                  "count": 376404,
                  "self": 302.29209569980713
                }
              ]
            },
            {
              "name": "workers",
              "total": 6.62455029951802,
              "count": 376403,
              "self": 0.0,
              "children": [
                {
                  "name": "worker_root",
                  "total": 11076.71394490022,
                  "count": 376403,
                  "is_parallel": true,
                  "self": 2892.617123700252,
                  "children": [
                    {
                      "name": "batched_step_result_from_proto",
                      "total": 0.012349599999726735,
                      "count": 8,
                      "is_parallel": true,
                      "self": 0.0023148999993125585,
                      "children": [
                        {
                          "name": "_process_vector_observation",
                          "total": 0.010034700000414176,
                          "count": 16,
                          "is_parallel": true,
                          "self": 0.010034700000414176
                        }
                      ]
                    },
                    {
                      "name": "UnityEnvironment.step",
                      "total": 8184.084471599969,
                      "count": 376403,
                      "is_parallel": true,
                      "self": 125.67071489967111,
                      "children": [
                        {
                          "name": "UnityEnvironment._generate_step_input",
                          "total": 72.10868630023884,
                          "count": 376403,
                          "is_parallel": true,
                          "self": 72.10868630023884
                        },
                        {
                          "name": "communicator.exchange",
                          "total": 7525.618080100117,
                          "count": 376403,
                          "is_parallel": true,
                          "self": 7525.618080100117
                        },
                        {
                          "name": "batched_step_result_from_proto",
                          "total": 460.6869902999414,
                          "count": 376403,
                          "is_parallel": true,
                          "self": 83.9720219992127,
                          "children": [
                            {
                              "name": "_process_vector_observation",
                              "total": 376.7149683007287,
                              "count": 752806,
                              "is_parallel": true,
                              "self": 376.7149683007287
                            }
                          ]
                        }
                      ]
                    }
                  ]
                }
              ]
            }
          ]
        },
        {
          "name": "update_policy",
          "total": 1485.6866890000033,
          "count": 1504,
          "self": 518.686218900137,
          "children": [
            {
              "name": "PPOPolicy.update",
              "total": 967.0004700998663,
              "count": 104904,
              "self": 967.0004700998663
            }
          ]
        }
      ]
    }
  ]
}