{"count":1,"gauges":{},"self":5557.3540864,"total":20827.739766799998,"children":{"AgentResetIfDone":{"count":5587251,"self":53.771372799999995,"total":53.7713743,"children":null},"AgentSendState":{"count":5587251,"self":261.28448,"total":407.8438041,"children":{"CollectObservations":{"count":23466471,"self":146.5593216,"total":146.5593195,"children":null}}},"DecideAction":{"count":5587251,"self":12955.1163392,"total":14758.0323087,"children":{"AgentInfo.ToProto":{"count":1117451,"self":416.32831999999996,"total":1802.91589,"children":{"RayPerceptionSensor.Perceive":{"count":23466471,"self":1386.5875455999999,"total":1386.5875801,"children":null}}}}},"AcademyStep":{"count":5587251,"self":21.099531199999998,"total":21.099531799999998,"children":null},"AgentAct":{"count":5587251,"self":29.6356832,"total":29.6356833,"children":null}}}