{"count":1,"gauges":{},"self":423.1322368,"total":443.1369502,"children":{"AgentResetIfDone":{"count":21896,"self":0.2519422,"total":0.2519422,"children":null},"AgentSendState":{"count":21896,"self":0.7116412,"total":1.1401904,"children":{"CollectObservations":{"count":91980,"self":0.42854919999999996,"total":0.42854919999999996,"children":null}}},"DecideAction":{"count":21896,"self":12.905744799999999,"total":18.4017284,"children":{"RayPerceptionSensor.Perceive":{"count":91980,"self":5.495984,"total":5.4959837999999994,"children":null}}},"AcademyStep":{"count":21896,"self":0.0792551,"total":0.0792551,"children":null},"AgentAct":{"count":21896,"self":0.1305882,"total":0.1305882,"children":null}}}