{"count":1,"gauges":{},"self":43364.447027199996,"total":125382.16636029999,"children":{"AgentResetIfDone":{"count":27281919,"self":318.2893568,"total":318.2893501,"children":null},"AgentSendState":{"count":27281919,"self":1562.7947007999999,"total":2452.6303144,"children":{"CollectObservations":{"count":114584064,"self":889.83562239999992,"total":889.83559559999992,"children":null}}},"DecideAction":{"count":27281919,"self":68513.3201408,"total":78936.53766989999,"children":{"AgentInfo.ToProto":{"count":5456384,"self":2464.7139328,"total":10423.2157352,"children":{"RayPerceptionSensor.Perceive":{"count":114584064,"self":7958.5017855999995,"total":7958.5018605999994,"children":null}}}}},"AcademyStep":{"count":27281919,"self":128.3151488,"total":128.3151494,"children":null},"AgentAct":{"count":27281919,"self":181.9468288,"total":181.9468307,"children":null}}}