{"count":1,"gauges":{},"self":6.4746907999999994,"total":7.7409237,"children":{"AgentResetIfDone":{"count":308,"self":0.00099739999999999985,"total":0.00099739999999999985,"children":null},"AgentSendState":{"count":308,"self":0.0149054,"total":0.024894899999999998,"children":{"CollectObservations":{"count":1302,"self":0.0099895,"total":0.0099895,"children":null}}},"DecideAction":{"count":308,"self":1.1538998,"total":1.2333593999999999,"children":{"RayPerceptionSensor.Perceive":{"count":1302,"self":0.079459599999999991,"total":0.079459599999999991,"children":null}}},"AcademyStep":{"count":308,"self":0.0019952,"total":0.0019952,"children":null},"AgentAct":{"count":308,"self":0.0029909,"total":0.0029909,"children":null}}}