{"count":1,"gauges":{},"self":147.0259328,"total":367.1114445,"children":{"AgentResetIfDone":{"count":64517,"self":0.8010141,"total":0.8010141,"children":null},"AgentSendState":{"count":64517,"self":3.6985615999999997,"total":5.5965181999999993,"children":{"CollectObservations":{"count":258080,"self":1.8979564,"total":1.8979564999999998,"children":null}}},"DecideAction":{"count":64517,"self":191.961536,"total":212.57887979999998,"children":{"AgentInfo.ToProto":{"count":12904,"self":5.2019047999999994,"total":20.6173423,"children":{"RayPerceptionSensor.Perceive":{"count":258080,"self":15.4154368,"total":15.4154375,"children":null}}}}},"AcademyStep":{"count":64517,"self":0.3539129,"total":0.3539129,"children":null},"AgentAct":{"count":64517,"self":0.7541953,"total":0.7541953,"children":null}}}