{"count":1,"gauges":{},"self":418.36531199999996,"total":466.9668192,"children":{"AgentResetIfDone":{"count":17456,"self":0.2282127,"total":0.2282127,"children":null},"AgentSendState":{"count":17456,"self":0.8477161,"total":1.3417074999999998,"children":{"CollectObservations":{"count":73332,"self":0.49399139999999997,"total":0.49399139999999997,"children":null}}},"DecideAction":{"count":17456,"self":40.9280032,"total":46.8345552,"children":{"AgentInfo.ToProto":{"count":3492,"self":1.407876,"total":5.9065521,"children":{"RayPerceptionSensor.Perceive":{"count":73332,"self":4.498676,"total":4.4986761,"children":null}}}}},"AcademyStep":{"count":17456,"self":0.0726042,"total":0.0726042,"children":null},"AgentAct":{"count":17456,"self":0.12344459999999999,"total":0.12344459999999999,"children":null}}}