{"cameraMode":{"drawMode":0,"name":"Shaded","section":"Shading Mode"},"sceneLighting":true,"audioPlay":false,"sceneViewState":{"showFog":true,"showMaterialUpdate":false,"showSkybox":true,"showFlares":true,"showImageEffects":true,"showParticleSystems":true},"in2DMode":false,"pivot":{"x":-5.708250522613525,"y":0.9330280423164368,"z":-0.4604138731956482},"rotation":{"x":0.1025802493095398,"y":-0.6706315875053406,"z":0.09391681104898453,"w":0.7289329767227173},"size":7.203612327575684,"orthographic":false}