{"cameraMode":{"drawMode":0,"name":"Shaded","section":"Shading Mode"},"sceneLighting":true,"audioPlay":false,"sceneViewState":{"showFog":true,"showMaterialUpdate":false,"showSkybox":true,"showFlares":true,"showImageEffects":true,"showParticleSystems":true},"in2DMode":false,"pivot":{"x":-5.600793838500977,"y":5.31837272644043,"z":-11.162820816040039},"rotation":{"x":0.15091194212436677,"y":-0.02654447965323925,"z":0.003916922025382519,"w":0.9884545207023621},"size":7.739987850189209,"orthographic":false}