{"cameraMode":{"drawMode":0,"name":"Shaded","section":"Shading Mode"},"sceneLighting":true,"audioPlay":false,"sceneViewState":{"showFog":true,"showMaterialUpdate":false,"showSkybox":true,"showFlares":true,"showImageEffects":true,"showParticleSystems":true},"in2DMode":false,"pivot":{"x":98.85952758789063,"y":14.359107971191407,"z":12.800911903381348},"rotation":{"x":-0.08327767997980118,"y":0.21983546018600465,"z":-0.019084619358181955,"w":-0.9722700119018555},"size":8.534460067749024,"orthographic":false}