{"count":1,"gauges":{"CrawlerStatic.CumulativeReward":{"count":1,"max":0.4639236,"min":0.4639236,"value":0.4639236,"weightedAverage":0.4639236}},"self":3.2138364,"total":4.5634213,"children":{"AgentSendState":{"count":258,"self":0.0268983,"total":0.076531599999999991,"children":{"CollectObservations":{"count":520,"self":0.0496333,"total":0.0496333,"children":null}}},"DecideAction":{"count":258,"self":1.2310914,"total":1.2310914,"children":null},"AgentAct":{"count":258,"self":0.0389613,"total":0.0389613,"children":null}}}