{"count":1,"gauges":{"CrawlerStatic.CumulativeReward":{"count":900,"max":13.0414324,"min":-1.92148066,"value":0.0313348547,"weightedAverage":-0.466916531}},"self":53.8962752,"total":83.2765383,"children":{"AgentSendState":{"count":7992,"self":0.89347369999999993,"total":3.5336439,"children":{"CollectObservations":{"count":15990,"self":1.4804924,"total":1.4804924,"children":null},"AgentInfo.ToProto":{"count":15990,"self":0.4542331,"total":1.1596777999999999,"children":{"GenerateSensorData":{"count":15990,"self":0.70544469999999992,"total":0.70544469999999992,"children":null}}}}},"DecideAction":{"count":7992,"self":24.9533792,"total":24.9533785,"children":null},"AgentAct":{"count":7992,"self":0.81419069999999993,"total":0.81419069999999993,"children":null},"AgentInfo.ToProto":{"count":900,"self":0.032011,"total":0.0780472,"children":{"GenerateSensorData":{"count":900,"self":0.0460362,"total":0.0460362,"children":null}}}}}