{"count":1,"gauges":{"CrawlerStatic.CumulativeReward":{"count":11,"max":1568.96619,"min":0.463806748,"value":1543.67761,"weightedAverage":1428.79126}},"self":72.289452799999992,"total":81.2125325,"children":{"AgentSendState":{"count":5931,"self":0.49140619999999996,"total":1.4962483,"children":{"CollectObservations":{"count":11870,"self":1.0048420999999998,"total":1.0048420999999998,"children":null}}},"DecideAction":{"count":5931,"self":6.8698847999999995,"total":6.8698844,"children":null},"AgentAct":{"count":5931,"self":0.5549491,"total":0.5549491,"children":null}}}