{"count":1,"gauges":{"Animation.CumulativeReward":{"count":2,"max":-8.05310249,"min":-8.053112,"value":-8.053112,"weightedAverage":-8.053104}},"self":18.6159024,"total":39.905535799999996,"children":{"AgentSendState":{"count":14117,"self":0.43137909999999996,"total":0.91706729999999992,"children":{"CollectObservations":{"count":2825,"self":0.26304089999999997,"total":0.26304089999999997,"children":null},"AgentInfo.ToProto":{"count":2825,"self":0.09167009999999999,"total":0.2226473,"children":{"GenerateSensorData":{"count":2825,"self":0.1309772,"total":0.1309772,"children":null}}}}},"DecideAction":{"count":14117,"self":18.9543328,"total":18.9543333,"children":null},"AgentAct":{"count":14117,"self":1.4162324,"total":1.4162324,"children":{"AgentInfo.ToProto":{"count":2,"self":0,"total":0,"children":{"GenerateSensorData":{"count":2,"self":0,"total":0,"children":null}}}}}}}