{"count":1,"gauges":{"Animation.CumulativeReward":{"count":1,"max":31.9485,"min":31.9485,"value":31.9485,"weightedAverage":31.9485}},"self":12.9564592,"total":24.2585516,"children":{"AgentSendState":{"count":7551,"self":0.2430446,"total":0.57747359999999992,"children":{"CollectObservations":{"count":1511,"self":0.1773995,"total":0.1773995,"children":null},"AgentInfo.ToProto":{"count":1511,"self":0.061001799999999995,"total":0.1570295,"children":{"GenerateSensorData":{"count":1511,"self":0.0960277,"total":0.0960277,"children":null}}}}},"DecideAction":{"count":7551,"self":10.4894336,"total":10.489433199999999,"children":null},"AgentAct":{"count":7551,"self":0.23318239999999998,"total":0.23318239999999998,"children":{"AgentInfo.ToProto":{"count":1,"self":0,"total":0,"children":{"GenerateSensorData":{"count":1,"self":0,"total":0,"children":null}}}}}}}