{"count":1,"gauges":{"Animation.CumulativeReward":{"count":143,"max":1474.08142,"min":-155.3737,"value":1.17685616,"weightedAverage":8.264394}},"self":14294.8892672,"total":14330.6749298,"children":{"AgentSendState":{"count":716432,"self":0.99341969999999991,"total":2.3968887,"children":{"CollectObservations":{"count":143401,"self":1.4034689999999999,"total":1.4034689999999999,"children":null}}},"DecideAction":{"count":716432,"self":0.62388159999999993,"total":0.62388159999999993,"children":null},"AgentAct":{"count":716432,"self":32.7642368,"total":32.7642354,"children":null}}}