{"count":1,"gauges":{"Animation.CumulativeReward":{"count":1,"max":4.10759068,"min":4.10759068,"value":4.10759068,"weightedAverage":4.10759068}},"self":117.94144,"total":120.97752229999999,"children":{"AgentSendState":{"count":5990,"self":0.0549249,"total":0.092839499999999991,"children":{"CollectObservations":{"count":1199,"self":0.0379146,"total":0.0379146,"children":null}}},"DecideAction":{"count":5990,"self":2.6660664,"total":2.6660662999999998,"children":null},"AgentAct":{"count":5990,"self":0.27617169999999996,"total":0.27617169999999996,"children":null}}}