{"count":1,"gauges":{},"self":29.874521599999998,"total":29.9413745,"children":{"AgentSendState":{"count":1456,"self":0.029933699999999997,"total":0.029933699999999997,"children":null},"DecideAction":{"count":1456,"self":0.0209209,"total":0.0209209,"children":null},"AgentAct":{"count":1456,"self":0.013999399999999999,"total":0.013999399999999999,"children":null}}}