{"count":1,"gauges":{},"self":12.176858399999999,"total":12.202862699999999,"children":{"AgentResetIfDone":{"count":582,"self":0.0040022,"total":0.0040022,"children":null},"AgentSendState":{"count":582,"self":0.0060035,"total":0.0070025999999999994,"children":{"CollectObservations":{"count":117,"self":0.0009991,"total":0.0009991,"children":null}}},"DecideAction":{"count":582,"self":0.0049999,"total":0.0049999,"children":null},"AcademyStep":{"count":582,"self":0.0030014,"total":0.0030014,"children":null},"AgentAct":{"count":582,"self":0.0049987,"total":0.0049987,"children":null}}}