{"count":1,"gauges":{},"self":48.407795199999995,"total":97.1322922,"children":{"AgentResetIfDone":{"count":36284,"self":0.47446479999999996,"total":0.47446479999999996,"children":null},"AgentSendState":{"count":36284,"self":0.5569856,"total":0.6439262,"children":{"CollectObservations":{"count":7257,"self":0.086940599999999993,"total":0.086940599999999993,"children":null}}},"DecideAction":{"count":36284,"self":40.877984,"total":46.545769199999995,"children":{"AgentInfo.ToProto":{"count":7257,"self":4.9717988,"total":5.6677857,"children":{"RayPerceptionSensor.Perceive":{"count":7257,"self":0.6959868,"total":0.6959868,"children":null}}}}},"AcademyStep":{"count":36284,"self":0.2741665,"total":0.2741665,"children":null},"AgentAct":{"count":36284,"self":0.7841688,"total":0.7841688,"children":null}}}