{"count":1,"gauges":{},"self":61.490303999999995,"total":107.9354635,"children":{"AgentResetIfDone":{"count":38051,"self":0.5198843,"total":0.5198843,"children":null},"AgentSendState":{"count":38051,"self":0.57658959999999992,"total":0.6603781,"children":{"CollectObservations":{"count":7611,"self":0.0837885,"total":0.0837885,"children":null}}},"DecideAction":{"count":38051,"self":38.7506112,"total":44.1924655,"children":{"AgentInfo.ToProto":{"count":7611,"self":4.7834024,"total":5.4418543,"children":{"RayPerceptionSensor.Perceive":{"count":7611,"self":0.6584521,"total":0.6584521,"children":null}}}}},"AcademyStep":{"count":38051,"self":0.29207279999999997,"total":0.29207279999999997,"children":null},"AgentAct":{"count":38051,"self":0.7793584,"total":0.7793584,"children":null}}}