{"count":1,"gauges":{},"self":65.4420928,"total":153.96117239999998,"children":{"AgentResetIfDone":{"count":72417,"self":0.97166199999999991,"total":0.97166199999999991,"children":null},"AgentSendState":{"count":72417,"self":1.0864584,"total":1.2504695,"children":{"CollectObservations":{"count":14484,"self":0.1640111,"total":0.1640111,"children":null}}},"DecideAction":{"count":72417,"self":73.9864128,"total":84.6799674,"children":{"AgentInfo.ToProto":{"count":14484,"self":9.591248,"total":10.6935571,"children":{"RayPerceptionSensor.Perceive":{"count":14484,"self":1.1023091,"total":1.1023091,"children":null}}}}},"AcademyStep":{"count":72417,"self":0.5587461,"total":0.5587461,"children":null},"AgentAct":{"count":72417,"self":1.057235,"total":1.057235,"children":null}}}
