{"count":1,"gauges":{},"self":691.1593984,"total":1423.8964537,"children":{"AgentResetIfDone":{"count":325821,"self":7.2899775999999994,"total":7.289978,"children":null},"AgentSendState":{"count":325821,"self":8.8717855999999991,"total":9.9934663,"children":{"CollectObservations":{"count":65165,"self":1.1216804999999999,"total":1.1216804999999999,"children":null}}},"DecideAction":{"count":325821,"self":612.21754879999992,"total":698.9095381,"children":{"AgentInfo.ToProto":{"count":65165,"self":76.41243519999999,"total":86.69199909999999,"children":{"RayPerceptionSensor.Perceive":{"count":65165,"self":10.2795616,"total":10.2795612,"children":null}}}}},"AcademyStep":{"count":325821,"self":4.084496,"total":4.0844958,"children":null},"AgentAct":{"count":325821,"self":12.4575944,"total":12.4575947,"children":null}}}