{"count":1,"gauges":{},"self":7.49928,"total":7.5322869,"children":{"AgentResetIfDone":{"count":317,"self":0.0050043,"total":0.0050043,"children":null},"AgentSendState":{"count":317,"self":0.012028599999999999,"total":0.0140173,"children":{"CollectObservations":{"count":64,"self":0.0019887,"total":0.0019887,"children":null}}},"DecideAction":{"count":317,"self":0.0050032,"total":0.0050032,"children":null},"AcademyStep":{"count":317,"self":0.0010004,"total":0.0010004,"children":null},"AgentAct":{"count":317,"self":0.0059984999999999995,"total":0.0059984999999999995,"children":null}}}