{"count":1,"gauges":{},"self":59.4551744,"total":59.6603315,"children":{"AgentResetIfDone":{"count":2890,"self":0.0670345,"total":0.0670345,"children":null},"AgentSendState":{"count":2890,"self":0.0400022,"total":0.0400022,"children":null},"DecideAction":{"count":2890,"self":0.0320024,"total":0.0320024,"children":null},"AcademyStep":{"count":2890,"self":0.0370036,"total":0.0370036,"children":null},"AgentAct":{"count":2890,"self":0.026098299999999998,"total":0.026098299999999998,"children":null}}}