{"count":1,"gauges":{},"self":47.2499616,"total":47.594850099999995,"children":{"AgentResetIfDone":{"count":2258,"self":0.040037699999999996,"total":0.040037699999999996,"children":null},"AgentSendState":{"count":2258,"self":0.0239727,"total":0.034977799999999996,"children":{"CollectObservations":{"count":452,"self":0.0110051,"total":0.0110051,"children":null}}},"DecideAction":{"count":2258,"self":0.0289,"total":0.0289,"children":null},"AcademyStep":{"count":2258,"self":0.017983199999999998,"total":0.017983199999999998,"children":null},"AgentAct":{"count":2258,"self":0.22199049999999998,"total":0.22199049999999998,"children":null}}}