{"count":1,"gauges":{},"self":12.537516799999999,"total":33.4477367,"children":{"AgentResetIfDone":{"count":9701,"self":0.2819316,"total":0.2819316,"children":null},"AgentSendState":{"count":9701,"self":0.3069092,"total":0.3510974,"children":{"CollectObservations":{"count":1941,"self":0.0441882,"total":0.0441882,"children":null}}},"DecideAction":{"count":9701,"self":17.407915199999998,"total":19.8456309,"children":{"AgentInfo.ToProto":{"count":1941,"self":2.1646866,"total":2.4377163,"children":{"RayPerceptionSensor.Perceive":{"count":1941,"self":0.2730297,"total":0.2730297,"children":null}}}}},"AcademyStep":{"count":9701,"self":0.1575628,"total":0.1575628,"children":null},"AgentAct":{"count":9701,"self":0.2709965,"total":0.2709965,"children":null}}}